{"cameraMode":{"drawMode":0,"name":"Shaded","section":"Shading Mode"},"sceneLighting":true,"audioPlay":false,"sceneViewState":{"showFog":true,"showMaterialUpdate":false,"showSkybox":true,"showFlares":true,"showImageEffects":true,"showParticleSystems":true},"in2DMode":false,"pivot":{"x":-11.028973579406739,"y":1.6351481676101685,"z":6.450577735900879},"rotation":{"x":-0.007051308173686266,"y":-0.9928245544433594,"z":0.07609964162111283,"w":-0.09200743585824967},"size":2.634458303451538,"orthographic":false}