{"cameraMode":{"drawMode":0,"name":"Shaded","section":"Shading Mode"},"sceneLighting":true,"audioPlay":false,"sceneViewState":{"showFog":true,"showMaterialUpdate":false,"showSkybox":true,"showFlares":true,"showImageEffects":true,"showParticleSystems":true},"in2DMode":false,"pivot":{"x":-0.33914393186569216,"y":-0.9387409090995789,"z":1.2257612943649293},"rotation":{"x":0.005554589442908764,"y":0.9924693703651428,"z":0.11212674528360367,"w":-0.04916836693882942},"size":17.282901763916017,"orthographic":true}