{"cameraMode":{"drawMode":0,"name":"Shaded","section":"Shading Mode"},"sceneLighting":true,"audioPlay":false,"sceneViewState":{"showFog":true,"showMaterialUpdate":false,"showSkybox":true,"showFlares":true,"showImageEffects":true,"showParticleSystems":true},"in2DMode":false,"pivot":{"x":-2.024414539337158,"y":-0.01465153694152832,"z":2.2606992721557619},"rotation":{"x":-0.1306973695755005,"y":-0.7549988627433777,"z":0.1586245745420456,"w":-0.6227465867996216},"size":18.079286575317384,"orthographic":true}