{"cameraMode":{"drawMode":0,"name":"Shaded","section":"Shading Mode"},"sceneLighting":true,"audioPlay":false,"sceneViewState":{"showFog":true,"showMaterialUpdate":false,"showSkybox":true,"showFlares":true,"showImageEffects":true,"showParticleSystems":true},"in2DMode":false,"pivot":{"x":-1.210739016532898,"y":1.133924126625061,"z":0.9104137420654297},"rotation":{"x":-0.0025131176225841047,"y":0.9971621632575989,"z":-0.03890906274318695,"w":-0.06440632790327072},"size":12.829339981079102,"orthographic":false}